Gender,Age,Asia,Africa,North America,South America,Europe,Oceania
Female,<15,7.826795455,11.36026923,8.649578947,8.602833333,6.665357143,5.174375
Female,15-24,17.67822727,21.12842308,20.21568421,6.482666667,17.0465,12.681375
Female,>25,6.190431818,9.466596154,6.698526316,20.74275,5.765285714,3.37925
Male,<15,5.041477273,8.322615385,6.764315789,6.228416667,6.449547619,3.63375
Male,15-24,12.86265909,16.97882692,16.34373684,4.689083333,16.32652381,8.424
Male,>25,3.755181818,6.701903846,5.026421053,14.636,5.4895,2.555625